-- phpMyAdmin SQL Dump
-- version 5.2.1
-- https://www.phpmyadmin.net/
--
-- Host: 127.0.0.1
-- Generation Time: Jan 27, 2025 at 09:54 AM
-- Server version: 10.4.32-MariaDB
-- PHP Version: 8.2.12

SET SQL_MODE = "NO_AUTO_VALUE_ON_ZERO";
START TRANSACTION;
SET time_zone = "+00:00";


/*!40101 SET @OLD_CHARACTER_SET_CLIENT=@@CHARACTER_SET_CLIENT */;
/*!40101 SET @OLD_CHARACTER_SET_RESULTS=@@CHARACTER_SET_RESULTS */;
/*!40101 SET @OLD_COLLATION_CONNECTION=@@COLLATION_CONNECTION */;
/*!40101 SET NAMES utf8mb4 */;

--
-- Database: `events_db`
--

-- --------------------------------------------------------

--
-- Table structure for table `attendees`
--

CREATE TABLE `attendees` (
  `id` int(11) NOT NULL,
  `name` varchar(100) DEFAULT NULL,
  `phone` varchar(20) DEFAULT NULL,
  `event_id` int(11) DEFAULT NULL,
  `user_id` int(11) DEFAULT NULL,
  `registered_at` timestamp NOT NULL DEFAULT current_timestamp()
) ENGINE=InnoDB DEFAULT CHARSET=utf8mb4 COLLATE=utf8mb4_general_ci;

--
-- Dumping data for table `attendees`
--

INSERT INTO `attendees` (`id`, `name`, `phone`, `event_id`, `user_id`, `registered_at`) VALUES
(13, 'Jane Smith', '9876543011', 25, 1, '2025-01-27 05:26:31'),
(14, 'Alex Smith', '9876543012', 25, 1, '2025-01-27 05:26:31'),
(15, 'John Doe', '9876543013', 25, 1, '2025-01-27 05:26:31'),
(16, 'John Brown', '9876543014', 25, 1, '2025-01-27 05:26:31'),
(17, 'John Doe', '9876543015', 25, 1, '2025-01-27 05:26:31'),
(18, 'Alex Smith', '9876543016', 25, 1, '2025-01-27 05:26:31'),
(19, 'Alex Doe', '9876543017', 25, 1, '2025-01-27 05:26:31'),
(20, 'John Smith', '9876543018', 25, 1, '2025-01-27 05:26:31'),
(21, 'Jane Brown', '9876543019', 25, 1, '2025-01-27 05:26:31'),
(22, 'Alex Doe', '9876543020', 25, 1, '2025-01-27 05:26:31'),
(23, 'John Doe', '9876543021', 26, 1, '2025-01-27 05:26:31'),
(24, 'John Brown', '9876543022', 26, 1, '2025-01-27 05:26:31'),
(25, 'Alex Doe', '9876543023', 26, 1, '2025-01-27 05:26:31'),
(26, 'Jane Smith', '9876543024', 26, 1, '2025-01-27 05:26:31'),
(27, 'Jane Doe', '9876543025', 26, 1, '2025-01-27 05:26:31'),
(28, 'Jane Doe', '9876543026', 26, 1, '2025-01-27 05:26:31'),
(29, 'Alex Doe', '9876543027', 26, 1, '2025-01-27 05:26:31'),
(30, 'Alex Brown', '9876543028', 26, 1, '2025-01-27 05:26:31'),
(31, 'Alex Smith', '9876543029', 26, 1, '2025-01-27 05:26:31'),
(32, 'Alex Smith', '9876543030', 26, 1, '2025-01-27 05:26:31'),
(33, 'John Smith', '9876543031', 27, 1, '2025-01-27 05:26:31'),
(34, 'Jane Smith', '9876543032', 27, 1, '2025-01-27 05:26:31'),
(35, 'John Brown', '9876543033', 27, 1, '2025-01-27 05:26:31'),
(36, 'Jane Smith', '9876543034', 27, 1, '2025-01-27 05:26:31'),
(37, 'Jane Doe', '9876543035', 27, 1, '2025-01-27 05:26:31'),
(38, 'Jane Smith', '9876543036', 27, 1, '2025-01-27 05:26:31'),
(39, 'Alex Smith', '9876543037', 27, 1, '2025-01-27 05:26:31'),
(40, 'Alex Smith', '9876543038', 27, 1, '2025-01-27 05:26:31'),
(41, 'John Smith', '9876543039', 27, 1, '2025-01-27 05:26:31'),
(42, 'John Smith', '9876543040', 27, 1, '2025-01-27 05:26:31'),
(43, 'John Doe', '9876543041', 28, 1, '2025-01-27 05:26:31'),
(44, 'John Doe', '9876543042', 28, 1, '2025-01-27 05:26:31'),
(45, 'Alex Smith', '9876543043', 28, 1, '2025-01-27 05:26:31'),
(46, 'John Smith', '9876543044', 28, 1, '2025-01-27 05:26:31'),
(47, 'Alex Brown', '9876543045', 28, 1, '2025-01-27 05:26:31'),
(48, 'John Smith', '9876543046', 28, 1, '2025-01-27 05:26:31'),
(49, 'John Brown', '9876543047', 28, 1, '2025-01-27 05:26:31'),
(50, 'John Smith', '9876543048', 28, 1, '2025-01-27 05:26:31'),
(51, 'Alex Doe', '9876543049', 28, 1, '2025-01-27 05:26:31'),
(52, 'Jane Brown', '9876543050', 28, 1, '2025-01-27 05:26:31'),
(53, 'Jane Doe', '9876543051', 29, 1, '2025-01-27 05:26:31'),
(54, 'Jane Doe', '9876543052', 29, 1, '2025-01-27 05:26:31'),
(55, 'Jane Smith', '9876543053', 29, 1, '2025-01-27 05:26:31'),
(56, 'John Brown', '9876543054', 29, 1, '2025-01-27 05:26:31'),
(57, 'John Doe', '9876543055', 29, 1, '2025-01-27 05:26:31'),
(58, 'Jane Smith', '9876543056', 29, 1, '2025-01-27 05:26:31'),
(59, 'John Doe', '9876543057', 29, 1, '2025-01-27 05:26:31'),
(60, 'John Doe', '9876543058', 29, 1, '2025-01-27 05:26:31'),
(61, 'Jane Doe', '9876543059', 29, 1, '2025-01-27 05:26:31'),
(62, 'John Smith', '9876543060', 29, 1, '2025-01-27 05:26:31'),
(63, 'Alex Doe', '9876543061', 30, 1, '2025-01-27 05:26:31'),
(64, 'John Smith', '9876543062', 30, 1, '2025-01-27 05:26:31'),
(65, 'Jane Brown', '9876543063', 30, 1, '2025-01-27 05:26:31'),
(66, 'John Brown', '9876543064', 30, 1, '2025-01-27 05:26:31'),
(67, 'Jane Smith', '9876543065', 30, 1, '2025-01-27 05:26:31'),
(68, 'Jane Brown', '9876543066', 30, 1, '2025-01-27 05:26:31'),
(69, 'John Brown', '9876543067', 30, 1, '2025-01-27 05:26:31'),
(70, 'Jane Smith', '9876543068', 30, 1, '2025-01-27 05:26:31'),
(71, 'Jane Brown', '9876543069', 30, 1, '2025-01-27 05:26:31'),
(72, 'John Smith', '9876543070', 30, 1, '2025-01-27 05:26:31'),
(73, 'Jane Doe', '9876543071', 31, 1, '2025-01-27 05:26:31'),
(74, 'John Brown', '9876543072', 31, 1, '2025-01-27 05:26:31'),
(75, 'Alex Smith', '9876543073', 31, 1, '2025-01-27 05:26:31'),
(76, 'John Doe', '9876543074', 31, 1, '2025-01-27 05:26:31'),
(77, 'Alex Doe', '9876543075', 31, 1, '2025-01-27 05:26:31'),
(78, 'Alex Doe', '9876543076', 31, 1, '2025-01-27 05:26:31'),
(79, 'John Doe', '9876543077', 31, 1, '2025-01-27 05:26:31'),
(80, 'Alex Doe', '9876543078', 31, 1, '2025-01-27 05:26:31'),
(81, 'Jane Brown', '9876543079', 31, 1, '2025-01-27 05:26:31'),
(82, 'Jane Doe', '9876543080', 31, 1, '2025-01-27 05:26:31'),
(83, 'Jane Smith', '9876543081', 32, 1, '2025-01-27 05:26:31'),
(84, 'Alex Smith', '9876543082', 32, 1, '2025-01-27 05:26:31'),
(85, 'Alex Smith', '9876543083', 32, 1, '2025-01-27 05:26:31'),
(86, 'Jane Brown', '9876543084', 32, 1, '2025-01-27 05:26:31'),
(87, 'John Brown', '9876543085', 32, 1, '2025-01-27 05:26:31'),
(88, 'Alex Doe', '9876543086', 32, 1, '2025-01-27 05:26:31'),
(89, 'John Brown', '9876543087', 32, 1, '2025-01-27 05:26:31'),
(90, 'Jane Doe', '9876543088', 32, 1, '2025-01-27 05:26:31'),
(91, 'Alex Doe', '9876543089', 32, 1, '2025-01-27 05:26:31'),
(92, 'Alex Doe', '9876543090', 32, 1, '2025-01-27 05:26:31'),
(93, 'Alex Doe', '9876543091', 33, 1, '2025-01-27 05:26:31'),
(94, 'John Doe', '9876543092', 33, 1, '2025-01-27 05:26:31'),
(95, 'Jane Smith', '9876543093', 33, 1, '2025-01-27 05:26:31'),
(96, 'Jane Doe', '9876543094', 33, 1, '2025-01-27 05:26:31'),
(97, 'John Smith', '9876543095', 33, 1, '2025-01-27 05:26:31'),
(98, 'Jane Smith', '9876543096', 33, 1, '2025-01-27 05:26:31'),
(99, 'Alex Smith', '9876543097', 33, 1, '2025-01-27 05:26:31'),
(100, 'Jane Smith', '9876543098', 33, 1, '2025-01-27 05:26:31'),
(101, 'Jane Doe', '9876543099', 33, 1, '2025-01-27 05:26:31'),
(102, 'Alex Doe', '9876543100', 33, 1, '2025-01-27 05:26:31'),
(103, 'John Brown', '9876543101', 34, 1, '2025-01-27 05:26:31'),
(104, 'Jane Brown', '9876543102', 34, 1, '2025-01-27 05:26:31'),
(105, 'John Doe', '9876543103', 34, 1, '2025-01-27 05:26:31'),
(106, 'Jane Doe', '9876543104', 34, 1, '2025-01-27 05:26:31'),
(107, 'Alex Brown', '9876543105', 34, 1, '2025-01-27 05:26:31'),
(108, 'Alex Doe', '9876543106', 34, 1, '2025-01-27 05:26:31'),
(109, 'John Doe', '9876543107', 34, 1, '2025-01-27 05:26:31'),
(110, 'Jane Brown', '9876543108', 34, 1, '2025-01-27 05:26:31'),
(111, 'Alex Smith', '9876543109', 34, 1, '2025-01-27 05:26:31'),
(112, 'Alex Smith', '9876543110', 34, 1, '2025-01-27 05:26:31'),
(113, 'Jane Smith', '9876543111', 35, 1, '2025-01-27 05:26:31'),
(114, 'Jane Doe', '9876543112', 35, 1, '2025-01-27 05:26:31'),
(115, 'Jane Smith', '9876543113', 35, 1, '2025-01-27 05:26:31'),
(116, 'Alex Doe', '9876543114', 35, 1, '2025-01-27 05:26:31'),
(117, 'Jane Brown', '9876543115', 35, 1, '2025-01-27 05:26:31'),
(118, 'Alex Brown', '9876543116', 35, 1, '2025-01-27 05:26:31'),
(119, 'Alex Smith', '9876543117', 35, 1, '2025-01-27 05:26:31'),
(120, 'Jane Brown', '9876543118', 35, 1, '2025-01-27 05:26:31'),
(121, 'Alex Smith', '9876543119', 35, 1, '2025-01-27 05:26:31'),
(122, 'Jane Brown', '9876543120', 35, 1, '2025-01-27 05:26:31'),
(123, 'John Brown', '9876543121', 36, 1, '2025-01-27 05:26:31'),
(124, 'Alex Smith', '9876543122', 36, 1, '2025-01-27 05:26:31'),
(125, 'Jane Smith', '9876543123', 36, 1, '2025-01-27 05:26:31'),
(126, 'John Doe', '9876543124', 36, 1, '2025-01-27 05:26:31'),
(127, 'Alex Smith', '9876543125', 36, 1, '2025-01-27 05:26:31'),
(128, 'Alex Brown', '9876543126', 36, 1, '2025-01-27 05:26:31'),
(129, 'Alex Smith', '9876543127', 36, 1, '2025-01-27 05:26:31'),
(130, 'John Brown', '9876543128', 36, 1, '2025-01-27 05:26:31'),
(131, 'Jane Brown', '9876543129', 36, 1, '2025-01-27 05:26:31'),
(132, 'John Doe', '9876543130', 36, 1, '2025-01-27 05:26:31'),
(133, 'John Smith', '9876543131', 37, 1, '2025-01-27 05:26:31'),
(134, 'John Smith', '9876543132', 37, 1, '2025-01-27 05:26:31'),
(135, 'John Doe', '9876543133', 37, 1, '2025-01-27 05:26:31'),
(136, 'John Smith', '9876543134', 37, 1, '2025-01-27 05:26:31'),
(137, 'Jane Brown', '9876543135', 37, 1, '2025-01-27 05:26:31'),
(138, 'Jane Smith', '9876543136', 37, 1, '2025-01-27 05:26:31'),
(139, 'Alex Smith', '9876543137', 37, 1, '2025-01-27 05:26:31'),
(140, 'Jane Brown', '9876543138', 37, 1, '2025-01-27 05:26:31'),
(141, 'Alex Smith', '9876543139', 37, 1, '2025-01-27 05:26:31'),
(142, 'Alex Doe', '9876543140', 37, 1, '2025-01-27 05:26:31'),
(143, 'Jane Brown', '9876543141', 38, 1, '2025-01-27 05:26:31'),
(144, 'John Brown', '9876543142', 38, 1, '2025-01-27 05:26:31'),
(145, 'Alex Brown', '9876543143', 38, 1, '2025-01-27 05:26:31'),
(146, 'Jane Doe', '9876543144', 38, 1, '2025-01-27 05:26:31'),
(147, 'Alex Brown', '9876543145', 38, 1, '2025-01-27 05:26:31'),
(148, 'John Brown', '9876543146', 38, 1, '2025-01-27 05:26:31'),
(149, 'Alex Doe', '9876543147', 38, 1, '2025-01-27 05:26:31'),
(150, 'John Smith', '9876543148', 38, 1, '2025-01-27 05:26:31'),
(151, 'Alex Brown', '9876543149', 38, 1, '2025-01-27 05:26:31'),
(152, 'Jane Brown', '9876543150', 38, 1, '2025-01-27 05:26:31'),
(153, 'Jane Brown', '9876543151', 39, 1, '2025-01-27 05:26:31'),
(154, 'Alex Brown', '9876543152', 39, 1, '2025-01-27 05:26:31'),
(155, 'John Brown', '9876543153', 39, 1, '2025-01-27 05:26:31'),
(156, 'John Brown', '9876543154', 39, 1, '2025-01-27 05:26:31'),
(157, 'Alex Smith', '9876543155', 39, 1, '2025-01-27 05:26:31'),
(158, 'John Doe', '9876543156', 39, 1, '2025-01-27 05:26:31'),
(159, 'Jane Doe', '9876543157', 39, 1, '2025-01-27 05:26:31'),
(160, 'Alex Doe', '9876543158', 39, 1, '2025-01-27 05:26:31'),
(161, 'John Doe', '9876543159', 39, 1, '2025-01-27 05:26:31'),
(162, 'John Doe', '9876543160', 39, 1, '2025-01-27 05:26:31'),
(163, 'Jane Brown', '9876543161', 40, 1, '2025-01-27 05:26:31'),
(164, 'Alex Smith', '9876543162', 40, 1, '2025-01-27 05:26:31'),
(165, 'Jane Brown', '9876543163', 40, 1, '2025-01-27 05:26:31'),
(166, 'John Brown', '9876543164', 40, 1, '2025-01-27 05:26:31'),
(167, 'Alex Brown', '9876543165', 40, 1, '2025-01-27 05:26:31'),
(168, 'Alex Doe', '9876543166', 40, 1, '2025-01-27 05:26:31'),
(169, 'Jane Doe', '9876543167', 40, 1, '2025-01-27 05:26:31'),
(170, 'Jane Doe', '9876543168', 40, 1, '2025-01-27 05:26:31'),
(171, 'Alex Smith', '9876543169', 40, 1, '2025-01-27 05:26:31'),
(172, 'Alex Smith', '9876543170', 40, 1, '2025-01-27 05:26:31'),
(173, 'Jane Doe', '9876543171', 41, 1, '2025-01-27 05:26:31'),
(174, 'Alex Smith', '9876543172', 41, 1, '2025-01-27 05:26:31'),
(175, 'John Brown', '9876543173', 41, 1, '2025-01-27 05:26:31'),
(176, 'John Smith', '9876543174', 41, 1, '2025-01-27 05:26:31'),
(177, 'John Brown', '9876543175', 41, 1, '2025-01-27 05:26:31'),
(178, 'John Brown', '9876543176', 41, 1, '2025-01-27 05:26:31'),
(179, 'Jane Brown', '9876543177', 41, 1, '2025-01-27 05:26:31'),
(180, 'Jane Doe', '9876543178', 41, 1, '2025-01-27 05:26:31'),
(181, 'Jane Smith', '9876543179', 41, 1, '2025-01-27 05:26:31'),
(182, 'John Smith', '9876543180', 41, 1, '2025-01-27 05:26:31'),
(183, 'Jane Smith', '9876543181', 42, 1, '2025-01-27 05:26:31'),
(184, 'Alex Smith', '9876543182', 42, 1, '2025-01-27 05:26:31'),
(185, 'Jane Smith', '9876543183', 42, 1, '2025-01-27 05:26:31'),
(186, 'John Brown', '9876543184', 42, 1, '2025-01-27 05:26:31'),
(187, 'Jane Doe', '9876543185', 42, 1, '2025-01-27 05:26:31'),
(188, 'Jane Smith', '9876543186', 42, 1, '2025-01-27 05:26:31'),
(189, 'John Doe', '9876543187', 42, 1, '2025-01-27 05:26:31'),
(190, 'Jane Smith', '9876543188', 42, 1, '2025-01-27 05:26:31'),
(191, 'Jane Brown', '9876543189', 42, 1, '2025-01-27 05:26:31'),
(192, 'Jane Smith', '9876543190', 42, 1, '2025-01-27 05:26:31'),
(193, 'John Smith', '9876543191', 43, 1, '2025-01-27 05:26:31'),
(194, 'Alex Brown', '9876543192', 43, 1, '2025-01-27 05:26:31'),
(195, 'Jane Doe', '9876543193', 43, 1, '2025-01-27 05:26:31'),
(196, 'Jane Brown', '9876543194', 43, 1, '2025-01-27 05:26:31'),
(197, 'Alex Doe', '9876543195', 43, 1, '2025-01-27 05:26:31'),
(198, 'John Brown', '9876543196', 43, 1, '2025-01-27 05:26:31'),
(199, 'Alex Brown', '9876543197', 43, 1, '2025-01-27 05:26:31'),
(200, 'Jane Smith', '9876543198', 43, 1, '2025-01-27 05:26:31'),
(201, 'Alex Smith', '9876543199', 43, 1, '2025-01-27 05:26:31'),
(202, 'Alex Brown', '9876543200', 43, 1, '2025-01-27 05:26:31'),
(203, 'Alex Smith', '9876543201', 44, 1, '2025-01-27 05:26:31'),
(204, 'Jane Smith', '9876543202', 44, 1, '2025-01-27 05:26:31'),
(205, 'Jane Doe', '9876543203', 44, 1, '2025-01-27 05:26:31'),
(206, 'Alex Brown', '9876543204', 44, 1, '2025-01-27 05:26:31'),
(207, 'John Doe', '9876543205', 44, 1, '2025-01-27 05:26:31'),
(208, 'Alex Smith', '9876543206', 44, 1, '2025-01-27 05:26:31'),
(209, 'John Smith', '9876543207', 44, 1, '2025-01-27 05:26:31'),
(210, 'Jane Smith', '9876543208', 44, 1, '2025-01-27 05:26:31'),
(211, 'Alex Smith', '9876543209', 44, 1, '2025-01-27 05:26:31'),
(212, 'Alex Doe', '9876543210', 44, 1, '2025-01-27 05:26:31'),
(213, 'Jane Smith', '9876543211', 45, 1, '2025-01-27 05:26:31'),
(214, 'John Brown', '9876543212', 45, 1, '2025-01-27 05:26:31'),
(215, 'John Brown', '9876543213', 45, 1, '2025-01-27 05:26:31'),
(216, 'John Brown', '9876543214', 45, 1, '2025-01-27 05:26:31'),
(217, 'Jane Brown', '9876543215', 45, 1, '2025-01-27 05:26:31'),
(218, 'Alex Doe', '9876543216', 45, 1, '2025-01-27 05:26:31'),
(219, 'John Smith', '9876543217', 45, 1, '2025-01-27 05:26:31'),
(220, 'John Brown', '9876543218', 45, 1, '2025-01-27 05:26:31'),
(221, 'Alex Smith', '9876543219', 45, 1, '2025-01-27 05:26:31'),
(222, 'Jane Brown', '9876543220', 45, 1, '2025-01-27 05:26:31'),
(223, 'Alex Brown', '9876543221', 46, 1, '2025-01-27 05:26:31'),
(224, 'Alex Brown', '9876543222', 46, 1, '2025-01-27 05:26:31'),
(225, 'John Doe', '9876543223', 46, 1, '2025-01-27 05:26:31'),
(226, 'John Brown', '9876543224', 46, 1, '2025-01-27 05:26:31'),
(227, 'Alex Doe', '9876543225', 46, 1, '2025-01-27 05:26:31'),
(228, 'Jane Doe', '9876543226', 46, 1, '2025-01-27 05:26:31'),
(229, 'John Smith', '9876543227', 46, 1, '2025-01-27 05:26:31'),
(230, 'John Doe', '9876543228', 46, 1, '2025-01-27 05:26:31'),
(231, 'Jane Smith', '9876543229', 46, 1, '2025-01-27 05:26:31'),
(232, 'Alex Brown', '9876543230', 46, 1, '2025-01-27 05:26:31'),
(233, 'Jane Smith', '9876543231', 47, 1, '2025-01-27 05:26:31'),
(234, 'Alex Brown', '9876543232', 47, 1, '2025-01-27 05:26:31'),
(235, 'John Brown', '9876543233', 47, 1, '2025-01-27 05:26:31'),
(236, 'John Doe', '9876543234', 47, 1, '2025-01-27 05:26:31'),
(237, 'John Brown', '9876543235', 47, 1, '2025-01-27 05:26:31'),
(238, 'Alex Brown', '9876543236', 47, 1, '2025-01-27 05:26:31'),
(239, 'John Smith', '9876543237', 47, 1, '2025-01-27 05:26:31'),
(240, 'John Brown', '9876543238', 47, 1, '2025-01-27 05:26:31'),
(241, 'Jane Doe', '9876543239', 47, 1, '2025-01-27 05:26:31'),
(242, 'Jane Doe', '9876543240', 47, 1, '2025-01-27 05:26:31'),
(243, 'Jane Smith', '9876543241', 48, 1, '2025-01-27 05:26:31'),
(244, 'Alex Smith', '9876543242', 48, 1, '2025-01-27 05:26:31'),
(245, 'John Smith', '9876543243', 48, 1, '2025-01-27 05:26:31'),
(246, 'Alex Smith', '9876543244', 48, 1, '2025-01-27 05:26:31'),
(247, 'Jane Brown', '9876543245', 48, 1, '2025-01-27 05:26:31'),
(248, 'Alex Smith', '9876543246', 48, 1, '2025-01-27 05:26:31'),
(249, 'John Smith', '9876543247', 48, 1, '2025-01-27 05:26:31'),
(250, 'John Brown', '9876543248', 48, 1, '2025-01-27 05:26:31'),
(251, 'Jane Brown', '9876543249', 48, 1, '2025-01-27 05:26:31'),
(252, 'Jane Doe', '9876543250', 48, 1, '2025-01-27 05:26:31'),
(253, 'Jane Smith', '9876543251', 49, 1, '2025-01-27 05:26:31'),
(254, 'John Doe', '9876543252', 49, 1, '2025-01-27 05:26:31'),
(255, 'Jane Brown', '9876543253', 49, 1, '2025-01-27 05:26:31'),
(256, 'Jane Doe', '9876543254', 49, 1, '2025-01-27 05:26:31'),
(257, 'John Brown', '9876543255', 49, 1, '2025-01-27 05:26:31'),
(258, 'Alex Doe', '9876543256', 49, 1, '2025-01-27 05:26:31'),
(259, 'John Brown', '9876543257', 49, 1, '2025-01-27 05:26:31'),
(260, 'John Doe', '9876543258', 49, 1, '2025-01-27 05:26:31'),
(261, 'Alex Smith', '9876543259', 49, 1, '2025-01-27 05:26:31'),
(262, 'Alex Doe', '9876543260', 49, 1, '2025-01-27 05:26:31'),
(263, 'John Brown', '9876543261', 50, 1, '2025-01-27 05:26:31'),
(264, 'Alex Smith', '9876543262', 50, 1, '2025-01-27 05:26:31'),
(265, 'Alex Doe', '9876543263', 50, 1, '2025-01-27 05:26:31'),
(266, 'Alex Smith', '9876543264', 50, 1, '2025-01-27 05:26:31'),
(267, 'Jane Brown', '9876543265', 50, 1, '2025-01-27 05:26:31'),
(268, 'Jane Brown', '9876543266', 50, 1, '2025-01-27 05:26:31'),
(269, 'Jane Brown', '9876543267', 50, 1, '2025-01-27 05:26:31'),
(270, 'John Doe', '9876543268', 50, 1, '2025-01-27 05:26:31'),
(271, 'John Doe', '9876543269', 50, 1, '2025-01-27 05:26:31'),
(272, 'Alex Smith', '9876543270', 50, 1, '2025-01-27 05:26:31'),
(273, 'Jane Smith', '9876543271', 51, 1, '2025-01-27 05:26:31'),
(274, 'John Doe', '9876543272', 51, 1, '2025-01-27 05:26:31'),
(275, 'Alex Doe', '9876543273', 51, 1, '2025-01-27 05:26:31'),
(276, 'Jane Doe', '9876543274', 51, 1, '2025-01-27 05:26:31'),
(277, 'Alex Brown', '9876543275', 51, 1, '2025-01-27 05:26:31'),
(278, 'Alex Brown', '9876543276', 51, 1, '2025-01-27 05:26:31'),
(279, 'Alex Doe', '9876543277', 51, 1, '2025-01-27 05:26:31'),
(280, 'John Doe', '9876543278', 51, 1, '2025-01-27 05:26:31'),
(281, 'Jane Smith', '9876543279', 51, 1, '2025-01-27 05:26:31'),
(282, 'Jane Smith', '9876543280', 51, 1, '2025-01-27 05:26:31'),
(283, 'Jane Smith', '9876543281', 52, 1, '2025-01-27 05:26:31'),
(284, 'John Smith', '9876543282', 52, 1, '2025-01-27 05:26:31'),
(285, 'John Brown', '9876543283', 52, 1, '2025-01-27 05:26:31'),
(286, 'John Brown', '9876543284', 52, 1, '2025-01-27 05:26:31'),
(287, 'Jane Doe', '9876543285', 52, 1, '2025-01-27 05:26:31'),
(288, 'Alex Brown', '9876543286', 52, 1, '2025-01-27 05:26:31'),
(289, 'Jane Smith', '9876543287', 52, 1, '2025-01-27 05:26:31'),
(290, 'Alex Smith', '9876543288', 52, 1, '2025-01-27 05:26:31'),
(291, 'Jane Doe', '9876543289', 52, 1, '2025-01-27 05:26:31'),
(292, 'John Brown', '9876543290', 52, 1, '2025-01-27 05:26:31'),
(293, 'Jane Smith', '9876543291', 53, 1, '2025-01-27 05:26:31'),
(294, 'Jane Brown', '9876543292', 53, 1, '2025-01-27 05:26:31'),
(295, 'John Smith', '9876543293', 53, 1, '2025-01-27 05:26:31'),
(296, 'Jane Smith', '9876543294', 53, 1, '2025-01-27 05:26:31'),
(297, 'Alex Doe', '9876543295', 53, 1, '2025-01-27 05:26:31'),
(298, 'Alex Brown', '9876543296', 53, 1, '2025-01-27 05:26:31'),
(299, 'Alex Smith', '9876543297', 53, 1, '2025-01-27 05:26:31'),
(300, 'John Doe', '9876543298', 53, 1, '2025-01-27 05:26:31'),
(301, 'John Brown', '9876543299', 53, 1, '2025-01-27 05:26:31'),
(302, 'John Doe', '9876543300', 53, 1, '2025-01-27 05:26:31');

-- --------------------------------------------------------

--
-- Table structure for table `events`
--

CREATE TABLE `events` (
  `id` int(11) NOT NULL,
  `title` varchar(100) NOT NULL,
  `description` text NOT NULL,
  `max_capacity` int(11) NOT NULL,
  `event_date` datetime NOT NULL,
  `time` time NOT NULL,
  `created_by` int(11) DEFAULT NULL,
  `created_at` timestamp NOT NULL DEFAULT current_timestamp()
) ENGINE=InnoDB DEFAULT CHARSET=utf8mb4 COLLATE=utf8mb4_general_ci;

--
-- Dumping data for table `events`
--

INSERT INTO `events` (`id`, `title`, `description`, `max_capacity`, `event_date`, `time`, `created_by`, `created_at`) VALUES
(25, 'Web3 Workshop', 'An introductory workshop on Web3 technologies.', 10, '2025-02-01 00:00:00', '10:00:00', 1, '2025-01-23 03:26:04'),
(26, 'PHP Masterclass', 'A hands-on PHP programming masterclass.', 30, '2025-02-03 00:00:00', '14:00:00', 1, '2025-01-23 03:26:04'),
(27, 'IoT Innovations', 'Exploring the latest IoT trends and innovations.', 40, '2025-02-05 00:00:00', '09:30:00', 1, '2025-01-23 03:26:04'),
(28, 'AI in Healthcare', 'How AI is transforming the healthcare industry.', 10, '2025-02-10 00:00:00', '11:00:00', 1, '2025-01-23 03:26:04'),
(29, 'Cloud Computing Basics', 'Understanding the fundamentals of cloud computing.', 60, '2025-02-12 00:00:00', '13:30:00', 1, '2025-01-23 03:26:04'),
(30, 'German Language Basics', 'Learn basic German phrases and grammar.', 25, '2025-02-15 00:00:00', '15:00:00', 1, '2025-01-23 03:26:04'),
(31, 'Blockchain for Beginners', 'An overview of blockchain and its applications.', 10, '2025-02-20 00:00:00', '10:30:00', 1, '2025-01-23 03:26:04'),
(32, 'Cybersecurity Essentials', 'Protecting yourself in the digital age.', 70, '2025-02-22 00:00:00', '16:00:00', 1, '2025-01-23 03:26:04'),
(33, 'Machine Learning 101', 'Introduction to machine learning concepts.', 35, '2025-02-25 00:00:00', '09:00:00', 1, '2025-01-23 03:26:04'),
(34, 'Open Source Contributions', 'How to contribute to open-source projects.', 50, '2025-02-28 00:00:00', '14:00:00', 1, '2025-01-23 03:26:04'),
(35, 'Mobile App Development', 'Workshop on building mobile apps using Flutter.', 10, '2025-03-01 00:00:00', '10:00:00', 1, '2025-01-23 06:46:19'),
(36, 'Big Data Analytics', 'Understanding and applying big data analytics.', 80, '2025-03-03 00:00:00', '13:30:00', 1, '2025-01-23 06:46:19'),
(37, 'Cloud Security', 'Best practices for securing cloud environments.', 50, '2025-03-05 00:00:00', '11:00:00', 1, '2025-01-23 06:46:19'),
(38, 'PHP Frameworks', 'Exploring popular PHP frameworks like Laravel and Symfony.', 40, '2025-03-08 00:00:00', '14:00:00', 1, '2025-01-23 06:46:19'),
(39, 'Digital Marketing Strategies', 'Effective strategies for digital marketing success.', 10, '2025-03-10 00:00:00', '09:30:00', 1, '2025-01-23 06:46:19'),
(40, 'Data Science with Python', 'Learning data science fundamentals using Python.', 90, '2025-03-12 00:00:00', '16:00:00', 1, '2025-01-23 06:46:19'),
(41, 'Agile Project Management', 'Managing projects effectively using Agile methodology.', 55, '2025-03-15 00:00:00', '10:30:00', 1, '2025-01-23 06:46:19'),
(42, 'JavaScript for Beginners', 'Introductory session on JavaScript programming.', 40, '2025-03-17 00:00:00', '13:00:00', 1, '2025-01-23 06:46:19'),
(43, 'Game Development with Unity', 'Creating interactive games with Unity game engine.', 30, '2025-03-20 00:00:00', '14:30:00', 1, '2025-01-23 06:46:19'),
(44, 'Smart Home Automation', 'Learn how to automate your home using IoT devices.', 10, '2025-03-22 00:00:00', '09:00:00', 1, '2025-01-23 06:46:19'),
(45, 'Virtual Reality Trends', 'Exploring the latest trends in virtual reality technology.', 50, '2025-03-25 00:00:00', '11:00:00', 1, '2025-01-23 06:48:11'),
(46, 'Introduction to SQL', 'Learn the basics of SQL database management and querying.', 45, '2025-03-28 00:00:00', '14:00:00', 1, '2025-01-23 06:48:11'),
(47, 'Ethical Hacking Workshop', 'Hands-on workshop on ethical hacking and penetration testing.', 40, '2025-03-30 00:00:00', '10:30:00', 1, '2025-01-23 06:48:11'),
(48, 'DevOps Practices', 'Implementing DevOps principles for efficient software development.', 60, '2025-04-02 00:00:00', '13:00:00', 1, '2025-01-23 06:48:11'),
(49, 'Introduction to APIs', 'How to work with APIs in modern web development.', 70, '2025-04-05 00:00:00', '15:00:00', 1, '2025-01-23 06:48:11'),
(50, 'Quantum Computing Fundamentals', 'An introduction to the principles of quantum computing.', 10, '2025-04-07 00:00:00', '10:00:00', 1, '2025-01-23 06:48:11'),
(51, 'UX/UI Design Basics', 'A workshop on user experience and interface design principles.', 50, '2025-04-10 00:00:00', '11:30:00', 1, '2025-01-23 06:48:11'),
(52, 'Blockchain Development', 'Hands-on session on building decentralized applications on blockchain.', 40, '2025-04-12 00:00:00', '14:30:00', 1, '2025-01-23 06:48:11'),
(53, 'Python for Data Analysis', 'Learn how to use Python for data analysis and visualization.', 90, '2025-04-15 00:00:00', '09:00:00', 1, '2025-01-23 06:48:11');

-- --------------------------------------------------------

--
-- Table structure for table `users`
--

CREATE TABLE `users` (
  `id` int(11) NOT NULL,
  `name` varchar(100) DEFAULT NULL,
  `email` varchar(100) NOT NULL,
  `password` varchar(255) NOT NULL,
  `role` enum('admin','user') DEFAULT 'user',
  `created_at` timestamp NOT NULL DEFAULT current_timestamp()
) ENGINE=InnoDB DEFAULT CHARSET=utf8mb4 COLLATE=utf8mb4_general_ci;

--
-- Dumping data for table `users`
--

INSERT INTO `users` (`id`, `name`, `email`, `password`, `role`, `created_at`) VALUES
(1, 'Rafiqul Jakir', 'abc@gmail.com', '$2y$10$.JdCn6fUYjh7GWfjN4pLQeEXCrbgUsoES92QDb.RvMlW68jVJF2Z6', 'user', '2025-01-21 15:39:16'),
(2, 'Abir Rahman', 'abcd@gmail.com', '$2y$10$jQaEQNAFRduqrjTBh9YBhOiKLgHvE6sJ1VrI5idV96saGM8rtdzO6', 'user', '2025-01-23 10:27:54');

--
-- Indexes for dumped tables
--

--
-- Indexes for table `attendees`
--
ALTER TABLE `attendees`
  ADD PRIMARY KEY (`id`),
  ADD KEY `event_id` (`event_id`),
  ADD KEY `user_id` (`user_id`);

--
-- Indexes for table `events`
--
ALTER TABLE `events`
  ADD PRIMARY KEY (`id`),
  ADD KEY `created_by` (`created_by`);

--
-- Indexes for table `users`
--
ALTER TABLE `users`
  ADD PRIMARY KEY (`id`),
  ADD UNIQUE KEY `email` (`email`);

--
-- AUTO_INCREMENT for dumped tables
--

--
-- AUTO_INCREMENT for table `attendees`
--
ALTER TABLE `attendees`
  MODIFY `id` int(11) NOT NULL AUTO_INCREMENT, AUTO_INCREMENT=524;

--
-- AUTO_INCREMENT for table `events`
--
ALTER TABLE `events`
  MODIFY `id` int(11) NOT NULL AUTO_INCREMENT, AUTO_INCREMENT=63;

--
-- AUTO_INCREMENT for table `users`
--
ALTER TABLE `users`
  MODIFY `id` int(11) NOT NULL AUTO_INCREMENT, AUTO_INCREMENT=3;

--
-- Constraints for dumped tables
--

--
-- Constraints for table `attendees`
--
ALTER TABLE `attendees`
  ADD CONSTRAINT `attendees_ibfk_1` FOREIGN KEY (`event_id`) REFERENCES `events` (`id`) ON DELETE CASCADE,
  ADD CONSTRAINT `attendees_ibfk_2` FOREIGN KEY (`user_id`) REFERENCES `users` (`id`) ON DELETE CASCADE;

--
-- Constraints for table `events`
--
ALTER TABLE `events`
  ADD CONSTRAINT `events_ibfk_1` FOREIGN KEY (`created_by`) REFERENCES `users` (`id`) ON DELETE SET NULL;
COMMIT;

/*!40101 SET CHARACTER_SET_CLIENT=@OLD_CHARACTER_SET_CLIENT */;
/*!40101 SET CHARACTER_SET_RESULTS=@OLD_CHARACTER_SET_RESULTS */;
/*!40101 SET COLLATION_CONNECTION=@OLD_COLLATION_CONNECTION */;
